{
  "simulation_type": "3gpp_link_level_drone_scenario",
  "channel_model": "Sionna TR 38.901 UMi (2.4GHz, 20dBm)",
  "experiments": [
    {
      "experiment_name": "Baseline_Every_Frame_scenario_A_sparse_highway",
      "config": {
        "system_type": "baseline_wireless",
        "channel_params": {
          "drone_height_m": 20.0,
          "drone_velocity_ms": 2.0,
          "horizontal_dist_m": 50.0
        }
      },
      "transmission": {
        "success_rate": 0.017777777777777778,
        "semantic_similarity": 0.0,
        "avg_bytes": 7065.435555555556,
        "avg_snr_db": 49.22276198116699,
        "min_snr_db": 48.47952847778104,
        "max_snr_db": 49.820564937292644,
        "avg_latency_ms": 33.444351851851856,
        "throughput_mbps": 1.6900756425128527,
        "avg_ber": 0.9822222222222222,
        "avg_bler": 0.9822222222222222,
        "avg_psnr_db": 0.45406602027626364,
        "avg_ssim": 0.014190410363330344,
        "tiered_success": {
          "perfect": {
            "count": 4,
            "percentage": 1.7777777777777777
          },
          "good": {
            "count": 0,
            "percentage": 0.0
          },
          "usable": {
            "count": 0,
            "percentage": 0.0
          },
          "degraded": {
            "count": 0,
            "percentage": 0.0
          }
        },
        "packet_failure_rate": 0.9822222222222222,
        "channel_stats": {
          "avg_snr_db": 49.24023272320953,
          "min_snr_db": 48.47952847778104,
          "max_snr_db": 49.820564937292644,
          "std_snr_db": 0.5648885330846906,
          "num_samples": 225
        }
      },
      "accuracy": {
        "map50": 0.41634807221682163,
        "precision": 0.14122866251040375,
        "recall": 1.0
      },
      "efficiency": {
        "energy": {
          "total_kwh": 2.9088576712650237e-05,
          "total_wh": 0.02908857671265024,
          "avg_power_watts": 3.716413995730498
        },
        "platform": "crazyflie_ai_deck",
        "fps": 7.985252050789274,
        "yolo_calls": 225,
        "hdc_calls": 0,
        "total_frames": 225
      },
      "total_frames": 225,
      "timestamp": "2025-12-03T00:07:40.110339"
    },
    {
      "experiment_name": "Baseline_Interval_10_scenario_A_sparse_highway",
      "config": {
        "system_type": "baseline_interval",
        "yolo_interval": 10,
        "channel_params": {
          "drone_height_m": 20.0,
          "drone_velocity_ms": 2.0,
          "horizontal_dist_m": 50.0
        }
      },
      "transmission": {
        "success_rate": 0.043478260869565216,
        "semantic_similarity": 0.0,
        "avg_bytes": 7082.478260869565,
        "avg_snr_db": 46.08054429267898,
        "min_snr_db": 38.11552025063732,
        "max_snr_db": 47.7807689705422,
        "avg_latency_ms": 33.46693840579711,
        "throughput_mbps": 1.693008945124839,
        "avg_ber": 0.9565217391304348,
        "avg_bler": 0.9565217391304348,
        "avg_psnr_db": 1.1070794974386897,
        "avg_ssim": 0.03449053360224632,
        "tiered_success": {
          "perfect": {
            "count": 1,
            "percentage": 4.3478260869565215
          },
          "good": {
            "count": 0,
            "percentage": 0.0
          },
          "usable": {
            "count": 0,
            "percentage": 0.0
          },
          "degraded": {
            "count": 0,
            "percentage": 0.0
          }
        },
        "packet_failure_rate": 0.9565217391304348,
        "channel_stats": {
          "avg_snr_db": 47.15220026725897,
          "min_snr_db": 38.11552025063732,
          "max_snr_db": 55.00930905829933,
          "std_snr_db": 6.37050387775343,
          "num_samples": 23
        },
        "bandwidth_savings_pct": -0.24121238075136878
      },
      "accuracy": {
        "map50": 0.13873967190815184,
        "precision": 0.0625531914893617,
        "recall": 1.0,
        "accuracy_loss_pct": 66.67699908649982
      },
      "efficiency": {
        "energy": {
          "total_kwh": 3.303960035554609e-06,
          "total_wh": 0.0033039600355546086,
          "avg_power_watts": 1.8790849147272688
        },
        "platform": "crazyflie_ai_deck",
        "fps": 35.54795499657127,
        "yolo_calls": 23,
        "hdc_calls": 0,
        "total_frames": 225,
        "energy_savings_pct": 88.64172672251179
      },
      "total_frames": 225,
      "timestamp": "2025-12-03T00:07:51.860608"
    },
    {
      "experiment_name": "HDC_State_TX_Int10_scenario_A_sparse_highway",
      "config": {
        "system_type": "hdc_wireless",
        "yolo_interval": 10,
        "channel_params": {
          "drone_height_m": 20.0,
          "drone_velocity_ms": 2.0,
          "horizontal_dist_m": 50.0
        }
      },
      "transmission": {
        "success_rate": 0.21739130434782608,
        "semantic_similarity": 0.6683168316831684,
        "avg_bytes": 318.9130434782609,
        "avg_snr_db": 44.78286270739907,
        "min_snr_db": 37.86944682464467,
        "max_snr_db": 56.05453775131097,
        "avg_latency_ms": 1.5430253623188406,
        "throughput_mbps": 1.65344291165248,
        "avg_ber": 0.782608695652174,
        "avg_bler": 0.782608695652174,
        "avg_psnr_db": 0.0,
        "avg_ssim": 0.0,
        "tiered_success": {
          "perfect": {
            "count": 5,
            "percentage": 21.73913043478261
          },
          "good": {
            "count": 0,
            "percentage": 0.0
          },
          "usable": {
            "count": 0,
            "percentage": 0.0
          },
          "degraded": {
            "count": 0,
            "percentage": 0.0
          }
        },
        "packet_failure_rate": 0.782608695652174,
        "compression_ratio": 1.4578050443081119,
        "channel_stats": {
          "avg_snr_db": 45.26596937643244,
          "min_snr_db": 37.86944682464467,
          "max_snr_db": 56.05453775131097,
          "std_snr_db": 7.160166008927016,
          "num_samples": 23
        },
        "bandwidth_savings_pct": 95.48629322324652
      },
      "accuracy": {
        "map50": 0.9090796963804957,
        "precision": 0.44523281596452324,
        "recall": 1.0,
        "accuracy_loss_pct": -118.3460803697619
      },
      "efficiency": {
        "energy": {
          "total_kwh": 3.4437859638252925e-06,
          "total_wh": 0.0034437859638252926,
          "avg_power_watts": 1.8704621907468226
        },
        "platform": "crazyflie_ai_deck",
        "fps": 33.94889461755573,
        "yolo_calls": 23,
        "hdc_calls": 202,
        "total_frames": 225,
        "energy_savings_pct": 88.16103655450547,
        "yolo_reduction_pct": 89.77777777777777
      },
      "total_frames": 225,
      "timestamp": "2025-12-03T00:08:04.152693"
    }
  ]
}