{
  "simulation_type": "3gpp_link_level_drone_scenario",
  "channel_model": "Sionna TR 38.901 UMi (2.4GHz, 20dBm)",
  "experiments": [
    {
      "experiment_name": "Baseline_Every_Frame_scenario_3_high_density",
      "config": {
        "system_type": "baseline_wireless",
        "channel_params": {
          "drone_height_m": 35.0,
          "drone_velocity_ms": 7.0,
          "horizontal_dist_m": 175.0
        }
      },
      "transmission": {
        "success_rate": 0.012742100830335522,
        "semantic_similarity": 0.0,
        "avg_bytes": 8912.497865417477,
        "avg_snr_db": 19.810803458178228,
        "min_snr_db": 18.050459816450264,
        "max_snr_db": 31.97154450789875,
        "avg_latency_ms": 41.19430610325447,
        "throughput_mbps": 1.7308213116789681,
        "avg_ber": 0.9766113679630133,
        "avg_bler": 0.9766113679630133,
        "avg_psnr_db": 0.6103383167392122,
        "avg_ssim": 0.01932315338215103,
        "tiered_success": {
          "perfect": {
            "count": 172,
            "percentage": 2.338863203698667
          },
          "good": {
            "count": 0,
            "percentage": 0.0
          },
          "usable": {
            "count": 0,
            "percentage": 0.0
          },
          "degraded": {
            "count": 0,
            "percentage": 0.0
          }
        },
        "packet_failure_rate": 0.9872578991696644,
        "channel_stats": {
          "avg_snr_db": 19.812715827342366,
          "min_snr_db": 18.050459816450267,
          "max_snr_db": 31.97154450789875,
          "std_snr_db": 2.1412739394473586,
          "num_samples": 7354
        }
      },
      "accuracy": {
        "map50": 0.5388141166764795,
        "precision": 0.30497920444576837,
        "recall": 1.0
      },
      "efficiency": {
        "energy": {
          "total_kwh": 0.00099553434838948,
          "total_wh": 0.9955343483894799,
          "avg_power_watts": 3.562168194157056
        },
        "platform": "crazyflie_ai_deck",
        "fps": 7.397679413833515,
        "yolo_calls": 7354,
        "hdc_calls": 0,
        "total_frames": 7354
      },
      "total_frames": 7354,
      "timestamp": "2025-12-01T23:19:54.691933"
    },
    {
      "experiment_name": "Baseline_Interval_10_scenario_3_high_density",
      "config": {
        "system_type": "baseline_interval",
        "yolo_interval": 10,
        "channel_params": {
          "drone_height_m": 35.0,
          "drone_velocity_ms": 7.0,
          "horizontal_dist_m": 175.0
        }
      },
      "transmission": {
        "success_rate": 0.012301733354364932,
        "semantic_similarity": 0.0,
        "avg_bytes": 8911.579026006526,
        "avg_snr_db": 22.67595615222612,
        "min_snr_db": 18.904852850980976,
        "max_snr_db": 27.3276493082385,
        "avg_latency_ms": 41.17450747282609,
        "throughput_mbps": 1.7314750456967372,
        "avg_ber": 0.9782608695652174,
        "avg_bler": 0.9782608695652174,
        "avg_psnr_db": 0.5667665202015656,
        "avg_ssim": 0.01797393502227876,
        "tiered_success": {
          "perfect": {
            "count": 16,
            "percentage": 2.1739130434782608
          },
          "good": {
            "count": 0,
            "percentage": 0.0
          },
          "usable": {
            "count": 0,
            "percentage": 0.0
          },
          "degraded": {
            "count": 0,
            "percentage": 0.0
          }
        },
        "packet_failure_rate": 0.9876982666456351,
        "channel_stats": {
          "avg_snr_db": 22.71571048721298,
          "min_snr_db": 18.904852850980976,
          "max_snr_db": 27.3276493082385,
          "std_snr_db": 4.192307511853099,
          "num_samples": 736
        },
        "bandwidth_savings_pct": 0.010309561077335948
      },
      "accuracy": {
        "map50": 0.3661319755786254,
        "precision": 0.20640812706281972,
        "recall": 1.0,
        "accuracy_loss_pct": 32.04855547642189
      },
      "efficiency": {
        "energy": {
          "total_kwh": 0.0002378646351935551,
          "total_wh": 0.23786463519355514,
          "avg_power_watts": 2.7936433856711265
        },
        "platform": "crazyflie_ai_deck",
        "fps": 30.503564963766856,
        "yolo_calls": 736,
        "hdc_calls": 0,
        "total_frames": 7354,
        "energy_savings_pct": 76.10683794302435
      },
      "total_frames": 7354,
      "timestamp": "2025-12-01T23:26:18.339554"
    },
    {
      "experiment_name": "HDC_State_TX_Int10_scenario_3_high_density",
      "config": {
        "system_type": "hdc_wireless",
        "yolo_interval": 10,
        "channel_params": {
          "drone_height_m": 35.0,
          "drone_velocity_ms": 7.0,
          "horizontal_dist_m": 175.0
        }
      },
      "transmission": {
        "success_rate": 0.02499571578518947,
        "semantic_similarity": 0.985947416137806,
        "avg_bytes": 1665.9413840498785,
        "avg_snr_db": 21.377039191412127,
        "min_snr_db": 18.226292435464803,
        "max_snr_db": 25.204224596196422,
        "avg_latency_ms": 4.212310348731885,
        "throughput_mbps": 3.163948040155987,
        "avg_ber": 0.9755434782608695,
        "avg_bler": 0.9755434782608695,
        "avg_psnr_db": 0.0,
        "avg_ssim": 0.0,
        "tiered_success": {
          "perfect": {
            "count": 18,
            "percentage": 2.4456521739130435
          },
          "good": {
            "count": 0,
            "percentage": 0.0
          },
          "usable": {
            "count": 0,
            "percentage": 0.0
          },
          "degraded": {
            "count": 0,
            "percentage": 0.0
          }
        },
        "packet_failure_rate": 0.9750042842148106,
        "compression_ratio": 2.7738407042990305,
        "channel_stats": {
          "avg_snr_db": 21.383427502752344,
          "min_snr_db": 18.226292435464803,
          "max_snr_db": 25.204224596196422,
          "std_snr_db": 3.473150225472922,
          "num_samples": 736
        },
        "bandwidth_savings_pct": 81.30780608078337
      },
      "accuracy": {
        "map50": 0.6526803322356015,
        "precision": 0.4256430340494998,
        "recall": 1.0,
        "accuracy_loss_pct": -21.132745419046024
      },
      "efficiency": {
        "energy": {
          "total_kwh": 0.00045905851375439415,
          "total_wh": 0.4590585137543942,
          "avg_power_watts": 3.332684145117588
        },
        "platform": "crazyflie_ai_deck",
        "fps": 16.139716247429146,
        "yolo_calls": 736,
        "hdc_calls": 6618,
        "total_frames": 7354,
        "energy_savings_pct": 53.88822952246365,
        "yolo_reduction_pct": 89.99184117487083
      },
      "total_frames": 7354,
      "timestamp": "2025-12-01T23:36:37.823436"
    }
  ]
}