{
  "simulation_type": "3gpp_link_level_drone_scenario",
  "channel_model": "Sionna TR 38.901 UMi (2.4GHz, 20dBm)",
  "experiments": [
    {
      "experiment_name": "Baseline_Every_Frame_scenario_2_urban_traffic",
      "config": {
        "system_type": "baseline_wireless",
        "channel_params": {
          "drone_height_m": 25.0,
          "drone_velocity_ms": 5.0,
          "horizontal_dist_m": 125.0
        }
      },
      "transmission": {
        "success_rate": 0.002577264220702163,
        "semantic_similarity": 0.0,
        "avg_bytes": 7976.864849290095,
        "avg_snr_db": 33.930936009703174,
        "min_snr_db": 25.7083959621661,
        "max_snr_db": 42.41002539395777,
        "avg_latency_ms": 38.2190712135159,
        "throughput_mbps": 1.6697140136611446,
        "avg_ber": 0.9987343228627316,
        "avg_bler": 0.9987343228627316,
        "avg_psnr_db": 0.03870022008178169,
        "avg_ssim": 0.001135242046062666,
        "tiered_success": {
          "perfect": {
            "count": 11,
            "percentage": 0.12656771372684386
          },
          "good": {
            "count": 0,
            "percentage": 0.0
          },
          "usable": {
            "count": 0,
            "percentage": 0.0
          },
          "degraded": {
            "count": 0,
            "percentage": 0.0
          }
        },
        "packet_failure_rate": 0.9974227357792979,
        "channel_stats": {
          "avg_snr_db": 33.937222002118524,
          "min_snr_db": 25.7083959621661,
          "max_snr_db": 43.515076634456314,
          "std_snr_db": 8.362251987205042,
          "num_samples": 8691
        }
      },
      "accuracy": {
        "map50": 0.5921693925756992,
        "precision": 0.3578515573352872,
        "recall": 1.0
      },
      "efficiency": {
        "energy": {
          "total_kwh": 0.0006976398620771876,
          "total_wh": 0.6976398620771878,
          "avg_power_watts": 3.092075816010958
        },
        "platform": "crazyflie_ai_deck",
        "fps": 11.121434644545136,
        "yolo_calls": 8691,
        "hdc_calls": 0,
        "total_frames": 8691
      },
      "total_frames": 8691,
      "timestamp": "2025-12-01T22:48:28.503362"
    },
    {
      "experiment_name": "Baseline_Interval_10_scenario_2_urban_traffic",
      "config": {
        "system_type": "baseline_interval",
        "yolo_interval": 10,
        "channel_params": {
          "drone_height_m": 25.0,
          "drone_velocity_ms": 5.0,
          "horizontal_dist_m": 125.0
        }
      },
      "transmission": {
        "success_rate": 0.00516242760010073,
        "semantic_similarity": 0.0,
        "avg_bytes": 7980.189367278464,
        "avg_snr_db": 29.892565007626676,
        "min_snr_db": 29.539702409594632,
        "max_snr_db": 31.12784594597494,
        "avg_latency_ms": 38.22521551724138,
        "throughput_mbps": 1.6701413994495902,
        "avg_ber": 0.9977011494252873,
        "avg_bler": 0.9977011494252873,
        "avg_psnr_db": 0.06909073035463703,
        "avg_ssim": 0.002066588521026379,
        "tiered_success": {
          "perfect": {
            "count": 2,
            "percentage": 0.22988505747126436
          },
          "good": {
            "count": 0,
            "percentage": 0.0
          },
          "usable": {
            "count": 0,
            "percentage": 0.0
          },
          "degraded": {
            "count": 0,
            "percentage": 0.0
          }
        },
        "packet_failure_rate": 0.9948375723998992,
        "channel_stats": {
          "avg_snr_db": 29.89301422987981,
          "min_snr_db": 29.539702409594632,
          "max_snr_db": 36.50239142438143,
          "std_snr_db": 0.9083426657002642,
          "num_samples": 870
        },
        "bandwidth_savings_pct": -0.041677000315038466
      },
      "accuracy": {
        "map50": 0.3855526064181917,
        "precision": 0.22603841643404468,
        "recall": 1.0,
        "accuracy_loss_pct": 34.89150043010622
      },
      "efficiency": {
        "energy": {
          "total_kwh": 0.00019167358480287982,
          "total_wh": 0.1916735848028798,
          "avg_power_watts": 2.9763912362910934
        },
        "platform": "crazyflie_ai_deck",
        "fps": 43.52269025210017,
        "yolo_calls": 870,
        "hdc_calls": 0,
        "total_frames": 8691,
        "energy_savings_pct": 72.52542533447253
      },
      "total_frames": 8691,
      "timestamp": "2025-12-01T22:54:01.856348"
    },
    {
      "experiment_name": "HDC_State_TX_Int10_scenario_2_urban_traffic",
      "config": {
        "system_type": "hdc_wireless",
        "yolo_interval": 10,
        "channel_params": {
          "drone_height_m": 25.0,
          "drone_velocity_ms": 5.0,
          "horizontal_dist_m": 125.0
        }
      },
      "transmission": {
        "success_rate": 0.11823595159726694,
        "semantic_similarity": 0.9585729444549754,
        "avg_bytes": 865.3498620148763,
        "avg_snr_db": 21.835181763895616,
        "min_snr_db": 19.0331288699157,
        "max_snr_db": 30.608275029480684,
        "avg_latency_ms": 2.745246647509579,
        "throughput_mbps": 2.5217402241067135,
        "avg_ber": 0.8781609195402299,
        "avg_bler": 0.8781609195402299,
        "avg_psnr_db": 0.0,
        "avg_ssim": 0.0,
        "tiered_success": {
          "perfect": {
            "count": 106,
            "percentage": 12.183908045977011
          },
          "good": {
            "count": 0,
            "percentage": 0.0
          },
          "usable": {
            "count": 0,
            "percentage": 0.0
          },
          "degraded": {
            "count": 0,
            "percentage": 0.0
          }
        },
        "packet_failure_rate": 0.881764048402733,
        "compression_ratio": 2.3869491310682687,
        "channel_stats": {
          "avg_snr_db": 21.819366733359313,
          "min_snr_db": 19.0331288699157,
          "max_snr_db": 30.608275029480684,
          "std_snr_db": 2.9280597857982564,
          "num_samples": 870
        },
        "bandwidth_savings_pct": 89.15175475121796
      },
      "accuracy": {
        "map50": 0.6823188567787511,
        "precision": 0.4574740694475457,
        "recall": 1.0,
        "accuracy_loss_pct": -15.223594014364359
      },
      "efficiency": {
        "energy": {
          "total_kwh": 0.00030662905080773036,
          "total_wh": 0.30662905080773045,
          "avg_power_watts": 3.2342537856145426
        },
        "platform": "crazyflie_ai_deck",
        "fps": 30.381999830552644,
        "yolo_calls": 870,
        "hdc_calls": 7821,
        "total_frames": 8691,
        "energy_savings_pct": 56.047659046494594,
        "yolo_reduction_pct": 89.98964445978599
      },
      "total_frames": 8691,
      "timestamp": "2025-12-01T23:01:10.215357"
    }
  ]
}